Product_ID,Product_Name,Supplier_ID,Description,Category,Price
1,Wireless Mouse,1,Ergonomic wireless mouse with 2.4GHz connection,Electronics,25.99
2,Bluetooth Headphones,1,Noise-cancelling over-ear headphones,Electronics,79.99
3,Office Chair,2,Adjustable office chair with lumbar support,Furniture,149.99
4,Standing Desk,2,Height-adjustable standing desk,Furniture,299.99
5,LED Monitor,3,24-inch 1080p LED monitor,Electronics,129.99
6,Wireless Charger,4,Fast wireless charging pad,Electronics,29.99
7,Ergonomic Desk Lamp,5,Adjustable LED desk lamp,Furniture,39.99
8,USB Flash Drive,6,64GB USB 3.0 flash drive,Electronics,15.99
9,Bluetooth Speaker,7,Portable Bluetooth speaker,Electronics,49.99
10,Office Storage Cabinet,8,4-drawer filing cabinet,Furniture,199.99
11,Gaming Keyboard,1,RGB mechanical gaming keyboard,Electronics,79.99
12,HDMI Cable,2,High-speed HDMI cable,Accessories,9.99
13,Laptop Stand,3,Adjustable laptop stand,Accessories,24.99
14,Noise Cancelling Earbuds,4,In-ear wireless earbuds,Electronics,59.99
15,Smartwatch,5,Fitness tracking smartwatch,Wearables,199.99
16,stand,32,Thought arrive actually throughout other manage science industry.,Office Supplies,11.72
17,remain,65,Well language PM campaign not.,Electronics,25.38
18,worry,68,Pretty seven wall east purpose.,Office Supplies,77.59
19,sometimes,15,Identify hard their read guy blood pattern.,Furniture,71.54
20,finally,53,Professor store soldier might very deal plan.,Furniture,28.13
21,everybody,33,Baby tough report sport yard.,Electronics,12.81
22,argue,55,Body certain dream clear.,Electronics,73.35
23,center,55,Ahead research some natural.,Office Supplies,10.89
24,stuff,6,Case particular explain model must.,Office Supplies,46.79
25,purpose,64,Choose look raise.,Electronics,22.78
26,produce,43,Case billion charge those agent.,Electronics,36.77
27,last,9,Especially growth behavior camera thing.,Furniture,34.37
28,effort,22,Very attorney since local surface rock gas.,Office Supplies,96.2
29,product,65,Candidate arrive marriage maybe board.,Electronics,22.53
30,husband,29,Sport sign energy order yes third professor.,Office Supplies,9.73
31,easy,34,Sister parent politics either difference director however.,Electronics,98.66
32,everything,12,Provide turn them environmental wear practice memory.,Furniture,81.14
33,bank,41,Former subject speech air past big conference.,Electronics,27.44
34,exist,67,Floor whose place.,Furniture,66.71
35,ability,54,Around young happy toward people rise take until.,Office Supplies,19.56
36,assume,52,Table child with though available level.,Office Supplies,32.28
37,social,61,Car ok base mother.,Furniture,94.43
38,necessary,56,Career tend even town well ago throughout.,Electronics,73.43
39,commercial,29,Develop small girl blue run enter throw animal.,Office Supplies,93.33
40,than,13,Offer letter beautiful.,Electronics,86.86
41,stage,31,Modern east system out those.,Furniture,75.97
42,although,3,Treat local exactly require become second.,Electronics,41.14
43,believe,63,Loss key play.,Furniture,89.22
44,a,65,Republican brother probably adult source culture.,Furniture,35.32
45,adult,17,Member figure which.,Furniture,21.61
46,alone,63,Indeed smile set happen small great.,Electronics,30.54
47,here,7,North every food tax service.,Office Supplies,37.26
48,yet,33,Account local movement across discover.,Electronics,53.03
49,turn,49,Section wonder time generation seek fact growth.,Office Supplies,52.08
50,painting,54,Medical city wife send once left piece.,Furniture,48.26
51,left,57,Once bad ready cut detail environment.,Electronics,88.83
52,single,57,Least soldier hold here.,Electronics,86.41
53,exist,27,Five although section.,Electronics,39.88
54,then,59,Offer ground live professional.,Office Supplies,41.79
55,answer,59,Administration art crime rather property former.,Electronics,36.22
56,treat,61,Middle wait positive everybody wear event cover.,Electronics,36.05
57,unit,40,Would next big heart he but.,Furniture,51.03
58,shoulder,61,Perhaps establish beyond son possible table nothing.,Electronics,85.15
59,bank,13,Bar action guess tax leave.,Furniture,8.08
60,near,21,Expert character pay easy air.,Electronics,27.82
61,test,46,At firm us discussion example sea collection.,Electronics,99.07
62,lawyer,16,City suggest recognize suddenly seek house.,Office Supplies,81.71
63,professional,40,Sea traditional more somebody something whose.,Furniture,75.58
64,contain,35,Under myself especially impact box any research consider.,Electronics,82.06
65,pretty,58,Plan gun change director audience various.,Office Supplies,78.58
66,event,25,Guy drop environment effort meeting.,Office Supplies,87.12
67,soon,31,Somebody game follow room.,Furniture,55.0
68,front,42,History particularly act stock network her.,Furniture,94.79
69,society,14,Wait space senior half.,Furniture,61.87
70,these,20,Last live oil course national take want.,Electronics,52.1
71,some,35,Under raise stuff year born.,Furniture,72.25
72,edge,3,Difference step your cold ever successful.,Furniture,69.49
73,long,33,Born budget exist know onto the their.,Electronics,73.22
74,page,31,Whatever short increase.,Electronics,78.39
75,government,15,Guy management son PM still simple.,Electronics,9.47
76,full,63,Language staff case Mrs themselves if reason.,Furniture,65.77
77,difference,7,Game sense I accept decision resource begin.,Furniture,39.62
78,cover,54,Business Republican analysis throughout be cover itself.,Furniture,43.21
79,process,54,Television activity we open its model.,Office Supplies,7.91
80,attention,17,Hit drop red officer agreement pay.,Office Supplies,42.31
81,senior,21,Go daughter news drive clearly discuss staff.,Electronics,27.28
82,personal,30,Staff right worry.,Furniture,27.62
83,of,48,Member continue school tough.,Furniture,27.07
84,bill,68,Example system produce prevent table.,Office Supplies,28.97
85,race,18,Argue school share such heart.,Electronics,26.51
86,probably,39,Top let daughter pick.,Office Supplies,82.21
87,clear,24,Continue crime here tend.,Office Supplies,73.92
88,century,30,Tough future billion recently party music.,Office Supplies,26.98
89,other,66,Hair more foreign here.,Office Supplies,42.91
90,record,59,People TV bill guy.,Electronics,60.61
91,century,8,Series sign pull apply.,Furniture,76.88
92,receive,37,Talk manager fill.,Office Supplies,70.62
93,about,10,Ability money along theory mission others manage.,Office Supplies,42.89
94,service,16,Instead social writer century east suddenly human.,Furniture,42.79
95,where,52,Any hour spring reach.,Office Supplies,15.28
96,trip,21,Leg issue despite while unit.,Office Supplies,64.42
97,concern,13,Smile sound often expert card.,Furniture,80.9
98,detail,12,Individual outside simple front process while main.,Electronics,62.37
99,move,6,Of power affect play activity claim particular.,Furniture,31.34
100,through,50,Some top son including start into now toward.,Furniture,14.37
101,religious,5,Left pick need weight stage friend window back.,Electronics,67.02
102,community,4,Significant some key summer claim police president.,Furniture,18.62
103,require,52,Eight laugh effect hot.,Office Supplies,39.41
104,either,7,Only phone why indicate far single set.,Electronics,18.52
105,role,13,She age think day end yes.,Electronics,80.66
106,per,4,Above while serious hard structure and.,Furniture,14.61
107,last,14,Range production run weight tend.,Furniture,66.45
108,thousand,37,Wish value reveal company control art media.,Office Supplies,25.17
109,threat,47,Hour effort way throughout fish long fire.,Office Supplies,27.06
110,grow,28,Step manage sell player front huge reason.,Furniture,91.6
111,easy,40,Allow board drop game ten since story member.,Electronics,73.34
112,item,60,Yourself quality finally type reason some break.,Office Supplies,57.07
113,their,44,Current game reach ball side.,Electronics,9.32
114,reveal,13,Reduce adult serve economic throughout.,Electronics,56.79
115,region,22,Blue thank control money decade common.,Furniture,42.49
116,include,61,Though until common professor.,Office Supplies,5.5
117,necessary,50,Table structure sing condition personal second news.,Office Supplies,18.03
118,relationship,39,Degree town position be.,Office Supplies,61.46
119,again,19,Between feel production teach.,Office Supplies,35.54
120,necessary,16,Her if either official technology security.,Office Supplies,34.89
121,rather,29,City since want collection agree become often.,Electronics,76.94
122,so,55,Resource this you teacher environmental foreign.,Electronics,32.79
123,concern,39,Right nation scientist woman already notice.,Office Supplies,40.18
124,do,50,Any piece court chance.,Electronics,50.33
125,without,20,Quality step find.,Furniture,80.14
126,ready,39,Car across admit tonight finally generation east sit.,Electronics,63.15
127,government,39,Important stand newspaper bring.,Furniture,78.99
128,decide,20,Born number now nearly this pull control carry.,Electronics,55.08
129,approach,60,Success prepare similar go read.,Electronics,90.56
130,hear,66,Method first whole every relate hair area.,Office Supplies,53.58
131,paper,48,Commercial cold seek window.,Electronics,89.91
132,rich,12,Serious no follow third since.,Electronics,72.07
133,use,18,Western program amount.,Furniture,97.56
134,first,50,Catch hotel again man fear drop.,Electronics,66.44
135,after,37,Expert tonight customer every.,Office Supplies,50.45
136,right,11,Beat participant fall treatment painting difficult mission.,Furniture,53.72
137,great,9,Weight decision with keep.,Office Supplies,83.47
138,both,43,Better course career common old job.,Electronics,78.76
139,his,34,Expert other smile discussion central.,Electronics,31.32
140,quality,57,Bed five south choice.,Electronics,35.4
141,bed,36,East draw trade sing manager senior.,Furniture,6.32
142,add,2,Leg travel large long level word.,Office Supplies,8.63
143,argue,14,Wind dinner close they admit writer song music.,Furniture,29.02
144,manager,42,Leader role stop night far.,Furniture,55.86
145,pass,3,Yard guy including.,Furniture,40.27
146,Mr,35,Career western put recent woman entire.,Office Supplies,43.61
147,quickly,60,Learn why ready scientist within possible beyond.,Furniture,15.7
148,thing,55,Make collection gun treat.,Electronics,20.09
149,Mrs,59,Stop five factor wrong scientist.,Furniture,73.29
150,letter,52,Perhaps left feel sign.,Office Supplies,17.65
151,five,67,Lead certain effect writer establish pass as.,Furniture,56.52
152,try,41,Television girl exist cover society.,Furniture,30.04
153,ten,68,Ago air citizen.,Electronics,64.82
154,little,56,In edge whether join improve night recognize.,Furniture,14.34
155,race,27,Job second a most.,Furniture,29.13
156,participant,68,Rich road individual life size else get.,Office Supplies,14.14
157,mention,53,Bit news plan either keep.,Furniture,82.55
158,cause,1,Painting address her receive great control at.,Electronics,43.96
159,eye,8,Main life price rest report consider score.,Office Supplies,28.02
160,policy,12,His difficult whose forward.,Office Supplies,90.89
161,western,55,Discuss experience stock relationship expect.,Electronics,58.36
162,soldier,3,Show respond other to true whose.,Electronics,82.77
163,any,54,Floor full participant discussion within just heart.,Electronics,23.07
164,something,36,Challenge adult current that environment pay word.,Office Supplies,9.47
165,section,64,Him PM impact probably difference agency.,Electronics,36.91
166,television,67,Another three whose weight media say.,Furniture,12.94
167,day,51,Bank ok woman view.,Electronics,71.26
168,baby,10,Management most particularly include model Congress far.,Furniture,56.29
169,organization,22,Would right order world true compare likely.,Furniture,91.75
170,hospital,54,Dinner road land begin commercial paper threat.,Office Supplies,33.3
171,student,30,Control right cold window during.,Electronics,28.23
172,I,53,Majority staff agent base.,Electronics,26.18
173,shoulder,9,Technology stop official fight deep Republican.,Furniture,62.79
174,choose,17,Ahead several century account commercial certain suddenly.,Electronics,71.79
175,cause,16,By really leg surface level.,Furniture,78.19
176,different,45,Television late late sure assume take ten.,Office Supplies,90.3
177,trouble,1,Must past hospital nice among view.,Electronics,33.75
178,fear,5,Where could past after stage short reach.,Furniture,95.76
179,compare,63,American green two note special newspaper.,Office Supplies,5.58
180,summer,61,However director inside big.,Office Supplies,90.09
181,else,23,Lose country realize control so.,Office Supplies,6.05
182,raise,4,Apply argue teacher fill teach hour we.,Electronics,80.97
183,modern,41,Knowledge month take result.,Furniture,25.49
184,movement,68,Now manager matter yes civil where front.,Office Supplies,14.48
185,ask,48,Traditional open challenge listen option nice.,Electronics,89.85
186,either,13,Suddenly Mrs spend record.,Office Supplies,50.99
187,deal,24,With able tend event.,Electronics,66.57
188,style,21,Someone responsibility environment rise discover but.,Electronics,85.66
189,leg,27,History safe every.,Office Supplies,70.75
190,hospital,4,Far eye begin true accept name reach science.,Office Supplies,82.0
191,dark,15,Free central star.,Electronics,25.05
192,happen,19,Act record magazine now.,Electronics,66.05
193,lot,6,Hand pick region ever child people economy for.,Office Supplies,82.26
194,doctor,14,Many improve could after.,Office Supplies,41.57
195,decade,65,Into its information last stay.,Electronics,10.34
196,word,55,Become social remain trial several.,Electronics,85.59
197,scene,57,Several edge mention country class hand stock.,Office Supplies,71.7
198,inside,27,Standard audience become task will art.,Office Supplies,17.51
199,cultural,26,Shoulder page line successful high tree.,Furniture,11.73
200,network,57,Start score stop late old performance.,Furniture,41.71
201,shake,17,Task perhaps control.,Furniture,50.5
202,product,41,For large enough himself travel outside.,Electronics,37.6
203,anyone,38,Very where nation since move character age three.,Furniture,51.26
204,quickly,16,May arm seat performance film yard.,Electronics,57.62
205,around,28,Nation collection meeting responsibility respond voice.,Office Supplies,52.03
206,clearly,39,State dinner ago black.,Electronics,28.05
207,blood,61,Election energy education job.,Electronics,8.72
208,social,48,Use baby the popular family per.,Office Supplies,38.53
209,purpose,43,Else actually tax.,Furniture,50.16
210,some,62,Example this although car.,Office Supplies,20.67
211,only,45,While weight water discuss why.,Electronics,64.53
212,not,37,College section doctor action growth.,Electronics,21.66
213,foot,36,Wide after expect edge point.,Furniture,44.61
214,authority,39,Though star individual we pattern almost chance control.,Electronics,75.74
215,respond,40,Image although walk a any interview process.,Office Supplies,81.53
216,law,4,Family perform just child.,Office Supplies,37.67
217,fight,35,Hair energy age worker music away several.,Office Supplies,51.95
218,miss,45,Spring little perhaps apply drug general make.,Office Supplies,23.29
219,today,60,Hand improve at sell foreign.,Furniture,87.76
220,foot,16,Lot letter eat even million success style democratic.,Electronics,65.28
221,bill,25,Southern direction yourself read.,Furniture,16.69
222,would,21,Already measure it again west indicate ahead.,Office Supplies,95.36
223,international,38,Four away mind say consumer decision.,Furniture,24.27
224,effect,14,Leg economy draw feel world.,Furniture,93.12
225,order,61,Direction let two agree.,Electronics,19.19
226,century,35,Prevent east choose father mother.,Office Supplies,37.22
227,newspaper,30,Education vote quality sign former test.,Furniture,31.85
228,social,20,Whom budget beautiful ready set.,Electronics,46.57
229,if,13,Find thousand suddenly structure western.,Office Supplies,76.94
230,floor,54,Vote example leg kid somebody.,Office Supplies,48.18
231,nature,20,Attention develop decide foot.,Office Supplies,45.32
232,number,45,Future term here degree.,Office Supplies,68.77
233,itself,49,Quality significant computer whether.,Electronics,76.63
234,physical,61,Dark relationship anything.,Electronics,45.47
235,commercial,2,Commercial others body ago card.,Office Supplies,88.51
236,officer,109,Never surface shake clearly box into.,Electronics,52.91
237,just,2,Water sense sing particularly culture parent wall anything.,Furniture,53.42
238,modern,46,Win drop hundred cost beautiful.,Furniture,96.12
239,those,119,Boy rest why leave ten entire.,Office Supplies,43.06
240,body,100,Beautiful wrong goal member task thought despite improve.,Office Supplies,93.41
241,party,117,True together find economic exist business medical three.,Office Supplies,7.33
242,cost,22,Inside wide lose for tend.,Furniture,33.99
243,school,13,Bag then sense owner may leave enough.,Office Supplies,33.35
244,our,11,Beautiful miss peace important above politics.,Office Supplies,13.25
245,hair,24,Per once pull use somebody article near key.,Electronics,10.14
246,because,80,Account investment whether occur.,Furniture,46.84
247,example,109,Important special little.,Office Supplies,7.1
248,finish,63,Out fund inside decision.,Electronics,66.36
249,wide,107,World beyond gas million election record term.,Electronics,21.13
250,imagine,1,Friend future animal follow.,Electronics,58.97
251,owner,73,Drug option thank fall.,Electronics,69.38
252,reason,43,Laugh the deal study beyond.,Office Supplies,29.66
253,yet,99,East image cultural affect support.,Electronics,18.36
254,hand,16,Life society go good fast order surface which.,Furniture,49.96
255,factor,71,Give hot picture region full.,Office Supplies,60.91
256,increase,120,Truth matter follow growth natural oil.,Furniture,51.45
257,security,79,Ago add community she exactly change speech.,Furniture,57.11
258,or,70,Performance various stop check suggest.,Office Supplies,68.92
259,interest,1,See day moment program create write.,Electronics,87.38
260,laugh,80,Vote trade standard might time mean mean.,Electronics,31.04
261,just,20,Bill almost behavior.,Electronics,30.55
262,certain,66,Situation maybe prevent always think whose.,Office Supplies,21.02
263,outside,31,Role official example skill yourself others.,Office Supplies,68.81
264,clearly,72,Walk of data meeting care.,Office Supplies,92.29
265,toward,25,View since little.,Office Supplies,51.79
266,seven,113,Check account bill audience under.,Furniture,19.29
267,on,60,Record tax according yet stay.,Furniture,34.09
268,collection,83,Any carry increase environment land keep whom reflect.,Furniture,69.36
269,four,61,Activity point though inside player.,Electronics,82.28
270,believe,60,Minute yeah mother similar cost seven market week.,Electronics,63.44
271,just,74,Gas of sister particular.,Furniture,59.21
272,live,54,Item event small heart.,Furniture,42.9
273,student,102,Public just source which seek green.,Furniture,65.66
274,trial,90,Pay buy eat.,Electronics,92.68
275,everyone,76,Picture your kind something bit.,Electronics,11.4
276,center,79,Rate common without red music from probably since.,Electronics,29.63
277,act,105,Performance report describe instead federal miss law.,Electronics,12.03
278,relate,118,Unit a place around.,Office Supplies,45.24
279,risk,61,Never look style wonder live.,Furniture,19.48
280,side,50,Build manager live maybe about age physical.,Electronics,82.23
281,bed,28,Manager Mr including approach shoulder science may.,Office Supplies,73.03
282,tend,56,Reveal suddenly third past.,Electronics,76.09
283,close,7,Cut very employee eight measure.,Electronics,28.04
284,per,16,Must contain travel sea successful.,Office Supplies,79.23
285,similar,74,Nearly realize whether position.,Furniture,7.33
286,Democrat,32,Several benefit mean ground but economic.,Furniture,12.46
287,instead,15,Center detail on.,Electronics,92.65
288,rich,107,Season try claim personal employee majority movie whose.,Office Supplies,12.27
289,sit,59,Bring trip him agree.,Furniture,70.69
290,be,9,Security kid western act live explain age.,Electronics,16.29
291,as,91,Drive majority instead majority area religious drive.,Furniture,75.05
292,series,84,Throw young then seven how under light.,Furniture,65.97
293,total,119,Add class southern.,Electronics,49.71
294,piece,39,Want something top past easy quite gun.,Electronics,5.16
295,rock,105,Party sing manage specific blood.,Electronics,37.99
296,south,63,Ball watch force trial.,Electronics,11.47
297,series,121,Day phone present recent offer conference.,Office Supplies,92.03
298,shoulder,122,With walk not general store trouble.,Office Supplies,22.54
299,usually,20,Part then grow between pattern factor yes know.,Electronics,18.81
300,enough,54,Change capital five no condition boy civil.,Electronics,67.91
301,guy,49,Central citizen always computer much language go.,Office Supplies,17.07
302,give,113,Majority build church tonight.,Furniture,39.62
303,himself,31,True yet interest summer general.,Furniture,47.88
304,fall,76,Its fall entire arm space catch.,Electronics,79.87
305,focus,34,View man thing.,Electronics,17.62
306,teach,37,When bank the structure.,Office Supplies,6.83
307,section,96,Its third able like campaign view fall.,Furniture,8.72
308,information,6,Benefit very language model your report.,Furniture,28.35
309,voice,105,Experience recently commercial situation write feeling front.,Furniture,24.55
310,college,80,Help citizen carry might bar.,Furniture,76.91
311,remain,25,About between design TV that conference society effect.,Electronics,39.95
312,arm,111,Low increase middle interest.,Office Supplies,46.78
313,some,96,Ball economy let push.,Electronics,99.29
314,although,93,Early throw common.,Office Supplies,41.29
315,either,13,Newspaper late last not.,Furniture,34.71
316,instead,32,Risk hope scene source for clear central maybe.,Electronics,27.27
317,I,11,Prevent scientist manager sport anyone radio issue.,Electronics,44.58
318,as,49,Sound method catch church degree guess son.,Office Supplies,76.6
319,baby,101,American we week fish rate piece southern.,Office Supplies,32.55
320,election,52,Radio general good compare film.,Office Supplies,55.03
321,that,50,Teach smile child list home win very.,Office Supplies,92.79
322,happen,28,Raise value pretty however behind tonight.,Office Supplies,65.14
323,if,72,Focus anyone seven sometimes to laugh.,Electronics,29.46
324,safe,6,Available happen draw look program.,Electronics,90.01
325,leg,59,Short capital apply develop cold evidence nice.,Office Supplies,29.37
326,future,83,Relationship even thought doctor along fear mind.,Furniture,60.72
327,kind,78,Truth father people.,Office Supplies,8.12
328,institution,109,How run main allow quickly.,Electronics,58.17
329,him,18,House account such.,Furniture,13.28
330,nothing,14,Something far two resource sense seven radio finish.,Electronics,13.59
331,right,45,Learn first degree dream go Mr again.,Electronics,77.39
332,may,111,Agree summer wish include central.,Office Supplies,89.82
333,real,127,Office six recognize style television financial.,Furniture,40.18
334,smile,70,Professor receive company finally.,Office Supplies,97.71
335,compare,52,Brother night artist high.,Electronics,32.55
336,want,38,Boy Mr one third.,Furniture,52.34
337,front,39,Administration early process also.,Office Supplies,26.91
338,almost,111,Source something education not among per lead long.,Office Supplies,72.63
339,story,127,College next sit letter lawyer them.,Electronics,68.52
340,particular,81,American how teacher view white.,Office Supplies,82.83
341,support,122,Beautiful consider best.,Electronics,20.42
342,collection,39,Value size skin finish letter couple marriage stay.,Office Supplies,19.87
343,between,32,Change third wrong.,Office Supplies,36.68
344,writer,53,Message describe day factor their.,Office Supplies,50.03
345,time,27,Election red hard front station half game.,Furniture,85.45
346,chair,49,Power beyond yes democratic owner.,Furniture,35.49
347,church,72,Affect foot future.,Office Supplies,19.31
348,physical,47,Prove read board chance.,Office Supplies,50.55
349,east,53,Data since behavior drive return camera follow.,Office Supplies,85.97
350,expect,64,Language record strong.,Electronics,67.22
351,society,8,Good someone group listen plant deep.,Electronics,91.3
352,land,59,Phone upon rate whether.,Office Supplies,45.63
353,property,105,Few determine and sort key must people.,Electronics,95.57
354,general,60,Fill during second guess.,Electronics,47.99
355,share,125,Newspaper factor keep become town PM.,Office Supplies,79.32
356,real,66,Building keep finish common.,Office Supplies,99.75
357,would,115,Statement community hear store room better.,Office Supplies,28.47
358,under,36,Be small everything.,Furniture,15.28
359,city,24,Floor quite even piece same.,Office Supplies,46.3
360,late,86,Born offer human despite.,Electronics,73.3
361,such,85,Apply suddenly than.,Electronics,84.0
362,husband,35,Standard growth goal.,Electronics,95.05
363,develop,69,Difference just morning another practice.,Furniture,45.08
364,turn,17,Despite control save purpose learn.,Office Supplies,50.32
365,home,82,Wide because street hair.,Electronics,15.15
366,it,9,Environmental step three name available.,Furniture,35.62
367,body,102,Blood subject book.,Office Supplies,54.76
368,here,98,Financial as special never onto themselves memory.,Furniture,19.01
369,head,49,Mr life former thus son form.,Office Supplies,54.6
370,market,39,Close test production.,Furniture,62.86
371,experience,47,Care page example on large.,Furniture,29.05
372,happy,69,Need color south culture.,Office Supplies,6.5
373,particular,57,Field through American level mind nature.,Office Supplies,54.12
374,space,61,Far wind positive size.,Office Supplies,95.54
375,why,128,Similar event size health pretty.,Office Supplies,46.78
376,also,9,Me use prepare.,Electronics,50.91
377,large,101,Under professional north clearly around not.,Furniture,89.77
378,occur,102,Once everybody rule do room.,Furniture,43.45
379,morning,123,Can foreign material understand cultural.,Electronics,15.19
380,friend,115,With baby despite political.,Office Supplies,11.58
381,focus,85,Product participant blood carry determine employee.,Electronics,11.36
382,amount,11,Claim open vote sure attorney.,Electronics,78.11
383,fill,9,Serious avoid reflect.,Electronics,53.13
384,meet,109,Never material customer prepare any.,Furniture,32.46
385,together,110,Sell sport realize what however bank feel color.,Furniture,70.19
386,what,11,Term seat general culture discussion phone meeting.,Office Supplies,23.94
387,oil,101,Issue trouble gas if.,Furniture,17.65
388,source,93,Try during ready decade.,Furniture,58.35
389,education,54,Onto police necessary.,Furniture,87.03
390,structure,120,Film anyone opportunity official show election.,Electronics,50.6
391,five,37,If agency claim woman.,Electronics,68.64
392,recognize,126,Chair remain officer she success movie.,Electronics,70.76
393,small,69,Money section relate almost test.,Electronics,44.3
394,personal,69,Now building machine person.,Electronics,92.93
395,these,4,I range week their laugh.,Electronics,98.08
396,politics,45,Red former although be.,Furniture,62.45
397,accept,77,Song three them standard return.,Electronics,12.24
398,Democrat,88,Mean generation course doctor inside individual sell.,Electronics,73.32
399,back,126,Standard call how he yourself.,Electronics,16.35
400,call,126,From ok source eat market point charge.,Furniture,62.2
401,safe,26,Step thousand my although hot.,Electronics,87.84
402,history,97,Head pass himself from save baby third.,Furniture,52.99
403,region,78,Drug never audience happy loss.,Office Supplies,65.74
404,act,98,Language machine wish phone.,Electronics,32.9
405,too,72,Different one lawyer care.,Office Supplies,14.42
406,close,22,Stuff two prepare notice.,Furniture,9.66
407,young,87,Cultural those matter worry paper read.,Electronics,80.54
408,chance,93,Gas how another happy this and.,Furniture,5.95
409,available,88,Popular clearly than see throw travel work provide.,Electronics,96.19
410,consider,35,Question well arrive agree manage above small account.,Electronics,43.04
411,medical,77,These thank natural part professional unit every by.,Office Supplies,79.72
412,color,23,Miss ago up treatment suddenly model.,Electronics,87.04
413,how,12,Unit hospital contain quality particular.,Furniture,8.22
414,tonight,90,Writer be maintain particular alone near.,Electronics,9.73
415,bank,113,Gun toward though truth finally staff trouble.,Electronics,51.35
416,five,37,Laugh crime case item different whole something.,Furniture,14.91
417,science,82,Beyond name doctor difficult many commercial.,Furniture,51.82
418,fire,99,Wrong common high want.,Furniture,72.79
419,thank,17,Size college it food bit moment.,Furniture,73.92
420,mind,84,Camera present away risk physical address dream.,Office Supplies,40.2
421,letter,84,They themselves citizen change dinner.,Furniture,12.66
422,very,95,Huge figure bit minute.,Office Supplies,33.99
423,whatever,47,Interest season research possible.,Furniture,22.17
424,development,128,Enter professional first painting.,Office Supplies,66.4
425,room,32,Remain budget large spend quality baby.,Furniture,46.85
426,language,41,Foot must politics lose.,Furniture,46.49
427,only,33,Forget term out table cup.,Office Supplies,37.44
428,myself,118,Note in society century why agree fall.,Office Supplies,93.18
429,write,24,Nor idea system where catch Democrat.,Office Supplies,60.71
430,however,60,Price their style near.,Electronics,59.75
431,character,119,Us later forget certain two investment.,Office Supplies,22.77
432,agreement,75,Paper design hand science kind here.,Office Supplies,21.78
433,want,72,Describe civil employee too light true certain whose.,Office Supplies,31.06
434,enjoy,93,Reach student go TV hard score.,Office Supplies,62.19
435,shake,52,Team wide phone.,Furniture,13.61
436,throughout,68,Provide study defense campaign personal bit.,Office Supplies,78.73
437,writer,2,True development cup particularly.,Electronics,90.54
438,then,98,Local sometimes popular.,Office Supplies,28.79
439,network,94,Poor us kind identify develop.,Furniture,41.23
440,election,55,Mother himself similar couple.,Furniture,10.5
441,involve,76,Population one heavy approach take.,Office Supplies,71.03
442,term,57,Reach can strategy nation maybe card leader.,Furniture,13.64
443,important,35,Action direction wall per.,Electronics,11.92
444,effort,111,Cause rule huge.,Electronics,33.6
445,significant,44,Western citizen mother former third even loss.,Office Supplies,89.11
446,vote,61,Vote talk indeed decide miss foreign.,Office Supplies,80.86
447,clearly,34,Southern factor both note our.,Furniture,86.43
448,north,94,Next owner exactly.,Electronics,97.93
449,travel,91,Right check specific maintain company section.,Electronics,65.11
450,home,117,Bad strong nice.,Office Supplies,40.89
451,significant,98,Certainly glass sure list make knowledge financial six.,Office Supplies,45.31
452,home,67,Defense agreement lay occur.,Electronics,27.86
453,season,107,Themselves carry daughter store time specific interest.,Office Supplies,33.11
454,camera,30,Late system despite popular crime.,Electronics,34.32
455,each,6,Level have suffer difficult threat rise decade voice.,Electronics,36.03
456,own,196,Direction theory live physical myself thing total.,Electronics,96.57
457,view,187,Let authority book choice activity meeting together.,Office Supplies,57.78
458,surface,84,Chair least tree test face.,Electronics,11.21
459,network,114,Over couple sort end floor clearly question.,Office Supplies,71.28
460,collection,25,Hair according happy less least.,Office Supplies,70.3
461,second,117,Star identify decision lot final up Democrat important.,Electronics,5.24
462,offer,99,Front sound feel list thing.,Electronics,82.62
463,dream,42,Owner poor individual crime only cold.,Office Supplies,22.76
464,need,23,Need join team many war increase.,Electronics,70.31
465,here,23,Network expect raise compare talk present seem kind.,Furniture,11.07
466,mother,75,Since most prevent trial fund yard finish.,Furniture,59.78
467,sea,131,Picture peace force truth himself mind car.,Office Supplies,71.65
468,evidence,36,While step much until recognize.,Office Supplies,19.4
469,avoid,209,Product art possible pass eye question experience.,Furniture,11.49
470,full,22,System two even career foot most evidence.,Office Supplies,52.21
471,alone,221,Pay tree despite attention since.,Office Supplies,36.1
472,few,150,American rock ahead dinner husband.,Electronics,73.29
473,physical,192,Republican through approach some prevent.,Electronics,48.88
474,shoulder,136,New toward pretty whether want table.,Furniture,82.15
475,girl,165,Range with him degree.,Furniture,69.84
476,stand,201,Course only middle contain.,Furniture,66.84
477,meeting,147,Yard rock road other.,Furniture,96.83
478,ahead,138,Police often science almost.,Electronics,95.91
479,true,120,Company themselves to our well ability.,Furniture,76.2
480,political,219,Language that vote.,Furniture,22.49
481,economic,182,Share believe girl goal.,Electronics,31.24
482,enough,123,Happy course kitchen.,Office Supplies,39.33
483,media,45,Hundred bring all soldier professional.,Office Supplies,47.39
484,consumer,12,Sign thing decide require few radio.,Furniture,93.23
485,one,84,City arrive past purpose must across.,Electronics,79.67
486,two,212,This even dinner color personal painting.,Furniture,60.08
487,move,75,Three again how million.,Office Supplies,73.81
488,participant,184,Sort article trial executive join.,Furniture,89.27
489,explain,85,Bank memory movement member item drop memory.,Office Supplies,83.01
490,likely,107,Beautiful decision sure certain seven.,Electronics,82.33
491,budget,118,Threat take continue trial sport base assume.,Furniture,47.48
492,system,2,Bring machine area thousand she inside cell.,Furniture,13.39
493,into,222,Necessary military after charge report.,Furniture,37.75
494,travel,131,Goal bill surface perform billion already.,Electronics,91.07
495,price,145,Last stuff project toward like.,Office Supplies,44.03
496,lay,17,Even community direction.,Electronics,95.48
497,practice,83,Concern increase technology rate level four speech both.,Office Supplies,60.54
498,six,217,Capital on two others trouble street.,Furniture,53.78
499,manager,181,Off data father blood.,Electronics,48.16
500,under,21,Wait final sell meeting hospital.,Furniture,70.05
501,hospital,7,Car watch around get month.,Electronics,26.3
502,assume,181,Because remember visit perhaps worry.,Furniture,90.17
503,mother,188,Myself very success argue outside.,Office Supplies,17.92
504,couple,157,Anything song talk national certain think.,Office Supplies,50.08
505,already,93,Medical it study science court production door.,Electronics,92.15
506,feel,73,Appear wait despite wrong interest heart take.,Office Supplies,49.46
507,use,29,Whether product story always.,Furniture,14.02
508,fire,186,Something back begin civil improve attorney lead.,Electronics,78.94
509,amount,111,Who laugh or.,Electronics,67.61
510,use,128,Leader contain really window statement worry party.,Office Supplies,17.8
511,work,99,Although if TV special standard east prove.,Office Supplies,52.74
512,all,164,Among street figure something.,Office Supplies,70.06
513,low,51,Republican reality base foot government put.,Office Supplies,70.61
514,amount,127,Bag south such perform board represent.,Office Supplies,55.0
515,force,177,Recently concern measure star huge inside subject event.,Office Supplies,45.25
516,forget,163,Executive ten away.,Office Supplies,28.55
517,concern,12,Long they themselves must project.,Electronics,91.35
518,good,227,College heart certainly sport human vote tend.,Electronics,55.94
519,everyone,114,Similar member soldier.,Office Supplies,68.58
520,ago,160,Office sure business see foreign station recent.,Electronics,23.79
521,capital,75,Woman firm bit organization next I provide.,Furniture,35.15
522,rate,202,Stock employee approach feel part.,Office Supplies,90.28
523,although,167,Area education it recently hit.,Electronics,88.35
524,build,164,Mouth draw sing player.,Furniture,50.55
525,people,193,Reveal region woman beat house record same.,Electronics,19.99
526,himself,186,House agreement young.,Office Supplies,55.1
527,one,140,Action until best west indeed fight.,Electronics,57.41
528,team,199,Every cup Democrat side ask.,Office Supplies,14.81
529,modern,42,Both significant the tell drive assume.,Furniture,16.37
530,accept,121,Shoulder what buy bit bag.,Electronics,86.32
531,low,33,Each your oil friend vote safe.,Electronics,40.37
532,newspaper,46,Something friend another ten.,Furniture,52.39
533,appear,36,Space tend should choose where article.,Furniture,94.43
534,cover,171,Decade financial democratic.,Furniture,18.77
535,remain,37,Painting role their interest.,Electronics,80.86
536,heavy,27,Answer appear consumer mean item.,Furniture,48.63
537,push,171,Anything director employee no.,Electronics,40.42
538,establish,62,Significant peace black fine majority.,Furniture,20.53
539,social,100,Body institution society scene star.,Electronics,27.41
540,interview,43,Become many break future however drug detail.,Electronics,68.15
541,instead,46,Lead language glass seek miss.,Office Supplies,91.08
542,factor,216,Radio everything music interesting.,Office Supplies,64.4
543,factor,40,Statement ever stuff food view.,Office Supplies,91.07
544,official,121,Create group course his could also.,Office Supplies,41.91
545,why,163,Seek bed forget interview pick short may.,Office Supplies,14.27
546,property,7,Girl few born almost near.,Electronics,53.31
547,anything,97,Everything weight every game why could treat fill.,Office Supplies,52.75
548,size,181,Food born character reflect leave.,Furniture,45.42
549,tree,5,Fine form change now throughout cell.,Furniture,49.81
550,well,146,Movie law garden personal get.,Electronics,83.65
551,that,78,Contain east bill fish speak require.,Electronics,17.92
552,where,34,Her senior always he away.,Furniture,40.64
553,head,22,Thank wrong clear soldier very.,Office Supplies,82.02
554,evening,30,Safe if nice the.,Furniture,30.81
555,father,103,Always likely word follow forward.,Office Supplies,28.88
556,spend,91,According power college miss owner.,Electronics,82.77
557,side,95,Morning step theory kitchen case reality work while.,Electronics,51.67
558,forget,43,Million left herself.,Furniture,85.24
559,drug,214,Teach different dog Mrs someone them.,Furniture,81.85
560,per,175,Weight behavior develop different.,Furniture,77.38
561,animal,168,Election speak order movie at religious section.,Office Supplies,28.89
562,camera,12,Adult next lead east deep ever wait.,Office Supplies,14.67
563,important,219,He theory beat sell.,Furniture,32.0
564,appear,23,List civil head guess clearly fill.,Furniture,50.75
565,big,152,Standard run indicate them mission brother.,Electronics,71.88
566,catch,17,Next officer them up court draw quickly conference.,Furniture,75.07
567,area,43,Difference director so would door several.,Electronics,40.67
568,once,212,Political thousand evening scene pay.,Furniture,10.76
569,it,149,Nothing write easy always then Mr wait.,Electronics,45.11
570,film,198,Late deep wind officer research design through sit.,Furniture,29.1
571,behavior,210,Institution help mouth ago.,Office Supplies,85.68
572,consider,59,Drive think play practice prove.,Office Supplies,74.22
573,society,11,Chance difficult people chair pay reveal international.,Office Supplies,86.8
574,event,180,Research coach picture admit hard personal.,Office Supplies,36.42
575,half,44,Pay deal catch lot phone civil boy exist.,Furniture,79.01
576,able,160,Street economic such line doctor.,Electronics,33.99
577,few,216,Gun hit risk respond.,Office Supplies,69.22
578,somebody,206,Those believe on about his town learn.,Office Supplies,10.54
579,build,18,Total against Democrat available middle respond.,Electronics,83.27
580,these,92,Half glass discuss focus man popular.,Furniture,88.49
581,radio,136,Cost owner population parent nearly budget treatment sport.,Electronics,33.34
582,late,214,Parent college place best of once.,Furniture,6.21
583,cover,156,Major model phone majority sing by list experience.,Electronics,85.75
584,local,49,Majority must sense country environment.,Office Supplies,48.7
585,poor,68,Anything former offer reduce field.,Office Supplies,26.09
586,information,23,Throughout management mean as argue west house.,Office Supplies,60.9
587,scientist,26,Central thing expect item technology.,Furniture,16.26
588,unit,122,Amount team husband image order chance.,Office Supplies,95.61
589,marriage,192,Little us dream standard.,Office Supplies,80.45
590,where,27,Product clear election reality crime floor.,Furniture,27.14
591,scientist,23,Firm very step institution.,Furniture,84.02
592,perhaps,188,Talk very stop direction.,Electronics,58.91
593,senior,11,Environment list leg knowledge old after gun.,Electronics,30.61
594,movement,138,Age not ready series themselves few.,Furniture,43.89
595,couple,163,Pull media exactly model.,Furniture,18.87
596,catch,94,Person particular sit official.,Office Supplies,32.13
597,program,40,Yes side way grow next network.,Electronics,43.81
598,end,55,Much yard pull hotel clearly short that.,Electronics,91.67
599,establish,216,Institution deal your line population story share from.,Office Supplies,70.45
600,leader,79,Score direction simple.,Office Supplies,50.86
601,trip,69,Sell she sit side nation hospital.,Office Supplies,23.19
602,let,28,Support Mr allow nice difficult enter look.,Electronics,85.05
603,majority,173,Mr support ever around sea.,Electronics,70.83
604,chair,222,Once easy treatment accept.,Furniture,56.99
605,friend,88,Ability main put go husband section from.,Electronics,77.67
606,window,192,Ahead consumer strategy high another.,Furniture,14.06
607,hour,221,True meeting high some.,Office Supplies,25.75
608,involve,204,Agent why thousand charge nature.,Furniture,76.81
609,market,223,Number which son all wife.,Office Supplies,14.39
610,them,60,Everything water this especially most.,Office Supplies,54.44
611,imagine,113,Laugh lot draw figure mouth word during.,Electronics,79.76
612,sister,132,Husband before end realize wide student stop.,Furniture,7.71
613,executive,77,Too star under people answer speech thank.,Furniture,36.81
614,soldier,120,Price brother middle short bank movie foreign.,Office Supplies,21.26
615,apply,167,Analysis message start final left anyone.,Office Supplies,87.68
616,set,30,Picture respond hot write decade reflect beautiful.,Electronics,63.57
617,girl,41,Notice unit while tree government head chance.,Office Supplies,24.31
618,various,134,Control bit left son section.,Electronics,26.86
619,ahead,60,Chair help government by indeed wait look table.,Office Supplies,74.14
620,top,56,Old year trip.,Furniture,88.71
621,compare,151,Air discuss health head state.,Electronics,37.84
622,drug,153,Remain tonight anything during federal fight hear read.,Furniture,78.8
623,under,32,Court make hit.,Office Supplies,12.01
624,style,221,Especially lead family record sort.,Furniture,77.62
625,safe,138,Continue need relate fine research.,Office Supplies,20.3
626,current,112,Design information accept increase strong physical program civil.,Furniture,94.35
627,nothing,22,Part push lead stock.,Office Supplies,42.15
628,section,106,Agency through much own detail young single.,Electronics,16.59
629,car,219,Mind street lay eat their in.,Furniture,84.49
630,economic,12,Prove part leave add month.,Office Supplies,58.44
631,enjoy,40,Wish item capital evidence.,Electronics,9.0
632,attorney,112,Themselves hundred sort turn both environment.,Electronics,64.34
633,heavy,25,Else across after particularly perhaps consumer.,Furniture,82.65
634,record,58,Real customer believe knowledge agree parent.,Furniture,67.34
635,provide,220,Pay measure many.,Furniture,25.81
636,election,75,Back many whatever clear involve candidate want in.,Furniture,53.16
637,sister,82,Stop must race strategy Republican government evidence.,Electronics,80.78
638,plant,23,Cause interview Republican meet car carry out.,Electronics,76.52
639,speech,184,Offer these news course decision author federal blood.,Office Supplies,55.0
640,artist,219,Born officer Mrs good idea.,Office Supplies,51.93
641,plant,155,Indicate describe tell which.,Furniture,56.93
642,animal,12,Case street hair according.,Electronics,51.55
643,night,86,Audience during enter become economic oil.,Office Supplies,8.33
644,nor,16,Order then kind opportunity prevent.,Electronics,11.51
645,future,204,Outside learn near answer total.,Electronics,54.45
646,hard,164,Have see citizen join everyone cause bring relate.,Electronics,91.88
647,situation,141,Me already however hold the oil hard gun.,Electronics,18.84
648,get,122,Newspaper choice task culture option story.,Furniture,44.01
649,many,61,Ahead avoid five field cut decade.,Office Supplies,6.24
650,fast,183,Whatever base truth result.,Office Supplies,38.3
651,similar,116,Late to face need person establish investment study.,Office Supplies,73.93
652,she,34,Share project only test care will black not.,Furniture,26.08
653,sort,65,One thousand may field set.,Furniture,76.15
654,set,16,Trip film around describe lose.,Electronics,6.52
655,billion,159,Former worker task federal information help.,Electronics,57.95
656,fear,69,Tell enjoy hear eight.,Furniture,37.95
657,write,196,Garden indicate lot laugh.,Electronics,7.88
658,much,95,Still act save heart.,Furniture,41.61
659,analysis,111,Detail doctor nearly group and.,Electronics,26.52
660,charge,70,Help structure when under TV public second interesting.,Furniture,29.95
661,improve,177,Laugh since debate condition newspaper.,Electronics,17.03
662,mind,22,Crime individual know cause.,Office Supplies,22.83
663,civil,146,Consider most owner seem exactly figure.,Electronics,42.47
664,crime,123,Throw plant less mind off.,Electronics,35.67
665,nation,109,Lose phone radio future.,Furniture,70.97
666,five,129,Democratic morning however better.,Office Supplies,84.62
667,debate,199,Key sense next fund.,Furniture,68.05
668,computer,27,Box traditional indicate.,Electronics,97.17
669,for,90,Reflect knowledge firm place whose sometimes.,Office Supplies,47.39
670,role,228,Production charge policy PM family step.,Office Supplies,66.34
671,pressure,14,Apply night onto because.,Office Supplies,52.91
672,very,81,Positive wait door sell.,Furniture,36.02
673,inside,186,Treat camera without argue.,Furniture,76.51
674,network,61,Story nature exist us among concern left.,Office Supplies,52.41
675,story,128,Speak believe we everybody network.,Office Supplies,11.14
676,model,228,Institution if run either understand.,Office Supplies,99.14
677,south,76,Election stand degree prove book military maintain.,Furniture,85.4
678,movie,182,A race story speak level far.,Furniture,46.54
679,give,203,Debate century by also international before conference.,Electronics,21.77
680,rule,138,Purpose rock tough modern table speak daughter future.,Furniture,67.72
681,southern,6,Investment particularly nor weight.,Furniture,34.48
682,summer,57,Medical south theory true at popular.,Office Supplies,14.44
683,many,125,Upon own range discussion.,Furniture,46.61
684,national,57,Despite source remain bring good voice personal.,Office Supplies,19.24
685,us,74,Girl detail piece still door Mr different.,Furniture,72.17
686,option,44,Town your away general he pass.,Furniture,10.7
687,camera,80,Lead bank end laugh middle.,Furniture,13.05
688,against,124,Assume collection girl.,Furniture,19.43
689,answer,131,Bed fire card certainly establish else meeting near.,Office Supplies,76.16
690,activity,200,Example eight any window drive.,Electronics,41.5
691,young,205,Lay stand month in anyone.,Furniture,74.69
692,break,186,Public so government friend choose.,Furniture,55.8
693,approach,153,Dark show long up tend determine.,Office Supplies,5.16
694,after,61,Beat again avoid question than.,Electronics,63.83
695,ago,120,Responsibility important build.,Electronics,23.74
696,language,75,Professional senior identify positive.,Electronics,26.24
697,wonder,68,Become growth more religious compare middle son child.,Electronics,56.31
698,section,43,They difficult owner under new another doctor.,Office Supplies,93.48
699,tough,59,Result together four.,Office Supplies,84.48
700,positive,196,Hear morning certain.,Electronics,87.63
701,consider,142,Realize stop down.,Office Supplies,99.84
702,now,227,Dog man attorney million green per movement wait.,Office Supplies,72.73
703,make,84,Daughter yard price trade seven along great worker.,Electronics,99.62
704,town,75,Have end central sell soon various friend property.,Office Supplies,28.33
705,small,189,Woman security I couple former economy.,Electronics,57.28
706,away,182,Federal win choice deep.,Electronics,86.13
707,left,185,Production community environmental walk thus record.,Office Supplies,51.16
708,throw,47,Live day them just without.,Furniture,13.86
709,president,6,Base heavy risk create mission drop through.,Office Supplies,31.05
710,enough,25,National set walk left.,Furniture,94.17
711,whom,203,Without term around position foot involve.,Electronics,96.99
712,nice,51,Area soon hotel report against the member.,Office Supplies,94.76
713,else,59,Make test these must he certain already.,Office Supplies,16.45
714,possible,43,Girl security even drop.,Electronics,44.68
715,two,177,Occur group itself sit.,Furniture,48.22
716,defense,226,Economy note us conference character.,Furniture,60.18
717,arrive,161,Top safe brother process sort raise.,Electronics,81.34
718,political,200,Around central fast minute.,Electronics,53.32
719,commercial,214,Than key save visit through follow commercial.,Furniture,23.25
720,through,3,Wall same decision of.,Furniture,83.81
721,type,21,Measure rest arrive.,Furniture,11.64
722,candidate,182,Per two read compare.,Office Supplies,81.81
723,wife,79,Society edge Republican pick line describe.,Office Supplies,61.81
724,program,84,Debate now guy.,Office Supplies,11.99
725,either,156,Interesting choice Democrat money possible.,Office Supplies,61.66
726,teacher,129,Too choose writer least behind space enough.,Electronics,68.94
727,where,135,Name try avoid brother nor.,Office Supplies,55.31
728,perform,155,Include already material seek.,Electronics,97.6
729,reach,158,Reveal quite indicate hard effort they.,Electronics,95.27
730,south,137,Economic without staff Republican current walk at.,Furniture,53.85
731,with,68,Every exist increase key case view.,Electronics,22.5
732,trial,160,Full information meeting.,Furniture,9.74
733,quickly,137,Stock attorney computer car.,Office Supplies,18.54
734,interview,27,Return least have whole.,Office Supplies,96.32
735,factor,120,Economy stand way plant share various.,Office Supplies,22.24
736,try,28,Space TV majority whether interest reality.,Electronics,53.39
737,color,46,Sport reality discuss garden discover personal worry.,Electronics,46.01
738,include,50,Kitchen pay wall who.,Furniture,19.26
739,outside,186,Heavy total range yeah.,Office Supplies,41.06
740,serious,33,Middle information skin minute happen word world respond.,Office Supplies,16.36
741,tax,171,Soldier partner point three town.,Office Supplies,22.68
742,way,91,Sell still college money.,Office Supplies,70.99
743,party,163,Low image view red.,Furniture,28.41
744,measure,205,Dog design television suggest.,Electronics,48.41
745,social,5,Nation personal could game scene.,Electronics,82.74
746,hard,195,Baby a serve per decision doctor.,Electronics,86.35
747,space,1,Stage guy only project whole bag shake.,Office Supplies,6.61
748,order,197,Vote character stage necessary network.,Office Supplies,59.41
749,full,74,Force policy guess resource trade.,Office Supplies,73.46
750,land,102,Himself series Democrat public every.,Office Supplies,52.55
751,common,48,Education call party question back rate.,Electronics,44.73
752,head,45,Development would example just.,Furniture,20.12
753,option,73,Not dinner with senior set.,Furniture,96.11
754,mother,65,Recently government bag next attention clearly direction.,Office Supplies,99.85
755,on,81,You cost line require.,Office Supplies,25.78
756,watch,34,Score write fire teach training go.,Office Supplies,54.35
757,even,71,Keep next behind term.,Office Supplies,95.62
758,play,29,Those financial person sport leader.,Office Supplies,32.32
759,put,224,Catch study appear.,Electronics,22.93
760,meeting,166,Top mission worry impact guess beat find.,Office Supplies,90.29
761,practice,93,These professional learn born about society fire join.,Office Supplies,24.66
762,interest,8,As thus sit floor drop agent.,Electronics,43.88
763,cup,161,Along serious how whom especially.,Electronics,32.62
764,friend,131,Prepare growth large news interesting president better evidence.,Electronics,41.19
765,child,65,Design check end likely store minute life.,Furniture,78.39
766,such,26,Them raise house under happen notice.,Office Supplies,64.56
767,born,169,Water attention better free effort.,Electronics,18.69
768,each,194,Carry child smile hand.,Office Supplies,37.51
769,course,7,Often board hot at heart.,Electronics,58.38
770,sell,119,Mission would knowledge simply.,Office Supplies,43.72
771,almost,162,Coach rather method someone maybe try north.,Electronics,90.18
772,wife,147,East good up ever sport develop fund attack.,Electronics,7.58
773,different,212,Their travel situation together cost probably.,Furniture,34.02
774,mean,24,Street serve we concern situation structure.,Office Supplies,40.22
775,hand,222,Her spend inside really current understand.,Office Supplies,13.85
776,production,224,Capital federal key clear sea.,Furniture,60.96
777,blood,13,They pattern building management increase theory Mr.,Electronics,32.86
778,population,205,Travel deep to something popular give.,Electronics,51.36
779,travel,211,Down attention help how find story.,Electronics,27.66
780,still,25,Risk agree social.,Furniture,35.47
781,loss,197,Level they once already.,Electronics,88.52
782,business,10,Shoulder our my she cold same right.,Office Supplies,78.14
783,measure,138,Subject scene range could attention.,Electronics,46.3
784,benefit,110,Call laugh simply camera.,Furniture,78.62
785,lot,11,When health grow.,Electronics,74.55
786,pay,38,Shoulder parent might challenge ten table note.,Furniture,94.81
787,compare,48,Concern simple trial light late early.,Electronics,37.67
788,upon,105,Office individual travel foreign his career.,Electronics,85.4
789,knowledge,200,Side second take movie dog.,Electronics,39.17
790,state,181,Behind international collection.,Furniture,8.97
791,letter,62,Age prove set build study carry care.,Furniture,7.44
792,factor,125,Fish hope including third worry.,Electronics,24.02
793,season,151,Quickly seven book environment find piece.,Electronics,10.88
794,note,138,Stuff far wind week.,Furniture,87.33
795,find,84,Oil against but sell dog down.,Office Supplies,59.54
796,economy,207,Its official large home peace force.,Furniture,43.09
797,maintain,29,Son above line nearly send.,Furniture,66.49
798,care,186,Reveal pattern possible feeling despite become.,Furniture,9.11
799,score,87,Condition professional his single option heavy model.,Office Supplies,54.6
800,seven,198,Audience whatever bill.,Electronics,15.84
801,listen,171,Green war painting why especially common.,Office Supplies,97.44
802,believe,86,Ask couple practice last.,Office Supplies,7.06
803,space,93,Range environmental write mouth argue to establish certain.,Electronics,90.22
804,near,118,Price rock month spend.,Electronics,90.84
805,green,192,Focus base cold have country well.,Office Supplies,93.02
806,now,98,Bit back finally night lawyer he.,Electronics,72.48
807,drive,66,Region quickly sense need see.,Electronics,77.0
808,measure,196,News hot recently.,Electronics,40.25
809,start,178,However key drug couple Mr phone.,Office Supplies,55.89
810,bar,88,Young summer scientist.,Electronics,36.18
811,simply,177,Body water month what significant mission.,Furniture,65.64
812,type,90,Dinner animal still visit company name day.,Office Supplies,85.85
813,receive,225,Describe year town tell through.,Electronics,95.14
814,sound,2,Growth you or example notice.,Office Supplies,87.79
815,discover,105,Strategy education perform responsibility always science now.,Furniture,11.58
816,cold,53,May mention executive about.,Electronics,16.45
817,author,175,Heart entire when ok audience fight.,Office Supplies,37.99
818,operation,194,Late imagine moment cell.,Electronics,80.35
819,force,30,Quite experience less general society.,Electronics,36.53
820,pay,71,Red fly history walk attack.,Furniture,33.76
821,chance,2,Ask sign door light message.,Furniture,31.26
822,other,59,Nation article summer art.,Electronics,63.74
823,really,23,Worker third film tree particularly none.,Office Supplies,80.72
824,hospital,184,Buy center enjoy team appear even.,Electronics,77.09
825,wife,89,Cold for tough care event it despite.,Office Supplies,19.1
826,street,38,Short citizen which result no month.,Office Supplies,39.93
827,else,63,News dog learn summer across.,Office Supplies,56.82
828,foot,170,Computer hand whatever pass plant difference carry down.,Furniture,77.51
829,all,9,Reveal hard country forward significant as.,Office Supplies,75.95
830,question,149,Worker feel low again number event sometimes.,Electronics,56.35
831,although,91,Chance address know care.,Furniture,35.58
832,window,151,Series suffer charge daughter stand really lose.,Electronics,78.9
833,even,20,Cell pick owner establish population very nice dinner.,Furniture,85.1
834,financial,223,Skill time event cover along quite machine word.,Furniture,22.7
835,benefit,151,Brother body wear herself such data.,Furniture,93.61
836,I,17,According gas laugh particularly success on.,Furniture,57.54
837,computer,76,Friend on big near ahead thing free.,Electronics,27.01
838,spring,94,Seven quality project.,Office Supplies,97.74
839,body,31,Mother might store maintain before.,Furniture,49.19
840,finish,151,Stay whom next develop generation increase.,Office Supplies,15.76
841,from,132,Girl organization single car join see billion special.,Furniture,11.61
842,heart,121,Clear feeling create.,Electronics,42.07
843,movie,197,With fly authority writer wonder rise scene.,Electronics,87.43
844,memory,84,Officer area memory billion home summer college.,Furniture,53.61
845,fire,147,Future relationship fly.,Office Supplies,26.23
846,every,106,International drug rest debate window.,Electronics,71.03
847,draw,123,Same life stop dog bank generation culture necessary.,Office Supplies,26.1
848,family,37,Card spend big side drop they compare.,Office Supplies,18.41
849,ready,206,Realize hear phone like.,Electronics,16.34
850,war,155,Little whom stand low fast.,Office Supplies,81.11
851,inside,1,Which happen exactly provide mother.,Electronics,13.95
852,though,211,She city myself test foreign act.,Electronics,44.44
853,above,173,Real responsibility director piece leave evidence simple face.,Electronics,29.41
854,trial,98,Customer western who accept sing increase.,Office Supplies,48.67
855,model,90,Analysis face during laugh.,Office Supplies,24.62
